Country,Year,GDP per capita_PPP
Algeria,1950,2176
Algeria,1951,2147
Algeria,1952,2193
Algeria,1953,2182
Algeria,1954,2291
Algeria,1955,2303
Algeria,1956,2475
Algeria,1957,2699
Algeria,1958,2740
Algeria,1959,3178
Algeria,1960,3328
Algeria,1961,2868
Algeria,1962,2284
Algeria,1963,2818
Algeria,1964,2879
Algeria,1965,2981
Algeria,1966,2750
Algeria,1967,2907
Algeria,1968,3151
Algeria,1969,3355
Algeria,1970,3585
Algeria,1971,3188
Algeria,1972,3746
Algeria,1973,3757
Algeria,1974,3870
Algeria,1975,4020
Algeria,1976,4157
Algeria,1977,4398
Algeria,1978,4812
Algeria,1979,5088
Algeria,1980,5024
Algeria,1981,4991
Algeria,1982,5145
Algeria,1983,5243
Algeria,1984,5361
Algeria,1985,5469
Algeria,1986,5262
Algeria,1987,5088
Algeria,1988,4850
Algeria,1989,4889
Algeria,1990,4697
Algeria,1991,4708.232
Algeria,1992,4850.223
Algeria,1993,4816.924
Algeria,1994,4856.9854
Algeria,1995,5142.384
Algeria,1996,5451.6343
Algeria,1997,5638.48
Algeria,1998,6069.7773
Algeria,1999,6421.5083
Algeria,2000,6834.5537
Algeria,2001,7218.2456
Algeria,2002,7814.8384
Algeria,2003,8590.178
Algeria,2004,9182.294
Algeria,2005,9969.623
Algeria,2006,10385.779
Algeria,2007,10974.742
Algeria,2008,11475.002
Algeria,2009,11907.021
Algeria,2010,12587.744
Algeria,2011,13204
Algeria,2012,13392.944
Algeria,2013,13508.265
Algeria,2014,13760.384
Algeria,2015,14007.894
Algeria,2016,14198.272
Algeria,2017,14149.915
Algeria,2018,14083.772
Algeria,2019,14000.279
Algeria,2020,13086.293
Algeria,2021,13337.262
Algeria,2022,13506.444
Angola,1950,1677
Angola,1951,1715
Angola,1952,1755
Angola,1953,1795
Angola,1954,1720
Angola,1955,1830
Angola,1956,1769
Angola,1957,1908
Angola,1958,1978
Angola,1959,1953
Angola,1960,1997
Angola,1961,2225
Angola,1962,2128
Angola,1963,2200
Angola,1964,2407
Angola,1965,2544
Angola,1966,2646
Angola,1967,2753
Angola,1968,2665
Angola,1969,2695
Angola,1970,2818
Angola,1971,2754
Angola,1972,2729
Angola,1973,2852
Angola,1974,2727
Angola,1975,1710
Angola,1976,1521
Angola,1977,1500
Angola,1978,1530
Angola,1979,1527
Angola,1980,1532
Angola,1981,1471
Angola,1982,1374
Angola,1983,1288
Angola,1984,1259
Angola,1985,1242
Angola,1986,1106
Angola,1987,1211
Angola,1988,1360
Angola,1989,1360
Angola,1990,1384
Angola,1991,1437.1472
Angola,1992,1389.3295
Angola,1993,1080.4806
Angola,1994,1120.8481
Angola,1995,1319.1589
Angola,1996,1533.9839
Angola,1997,1687.3177
Angola,1998,1811.1681
Angola,1999,1899.4152
Angola,2000,2013.6362
Angola,2001,2162.485
Angola,2002,2522.6719
Angola,2003,2711.9282
Angola,2004,3064.2986
Angola,2005,3708.7705
Angola,2006,4592.3374
Angola,2007,5773.5483
Angola,2008,6743.748
Angola,2009,7087.604
Angola,2010,7520.6655
Angola,2011,8016
Angola,2012,8376.946
Angola,2013,8463.942
Angola,2014,8548.293
Angola,2015,8319.567
Angola,2016,7819.1475
Angola,2017,7535.6123
Angola,2018,7180.3555
Angola,2019,6886.954
Angola,2020,6279.929
Angola,2021,6137.004
Angola,2022,6118.905
Libya,1950,620
Libya,1951,668
Libya,1952,697
Libya,1953,685
Libya,1954,662
Libya,1955,807
Libya,1956,950
Libya,1957,958
Libya,1958,1020
Libya,1959,1063
Libya,1960,1323
Libya,1961,1400
Libya,1962,1788
Libya,1963,2322
Libya,1964,3156
Libya,1965,3889
Libya,1966,4417
Libya,1967,4733
Libya,1968,6071
Libya,1969,6539
Libya,1970,6591
Libya,1971,6008
Libya,1972,6237
Libya,1973,6005
Libya,1974,6923
Libya,1975,6872
Libya,1976,8142
Libya,1977,8682
Libya,1978,8730
Libya,1979,9086
Libya,1980,8741
Libya,1981,6760
Libya,1982,6661
Libya,1983,6237
Libya,1984,5695
Libya,1985,6092
Libya,1986,5370
Libya,1987,4465
Libya,1988,4670
Libya,1989,4873
Libya,1990,4921
Libya,1991,5977.337
Libya,1992,6113.3535
Libya,1993,6190.681
Libya,1994,6645.0767
Libya,1995,6898.952
Libya,1996,7543.9355
Libya,1997,8422.215
Libya,1998,8545.48
Libya,1999,9064.067
Libya,2000,9770.98
Libya,2001,10354.482
Libya,2002,10787.675
Libya,2003,12870.574
Libya,2004,14193.259
Libya,2005,16538.557
Libya,2006,18657.062
Libya,2007,20731.719
Libya,2008,25140.6
Libya,2009,26403.787
Libya,2010,29157.143
Libya,2011,12893
Libya,2012,25302.516
Libya,2013,20190.09
Libya,2014,15154.099
Libya,2015,14720.548
Libya,2016,14219.172
Libya,2017,18455.953
Libya,2018,19504.555
Libya,2019,16971.502
Libya,2020,11741.864
Libya,2021,14797.098
Libya,2022,12755.204
Nigeria,1950,1200
Nigeria,1951,1262
Nigeria,1952,1323
Nigeria,1953,1325
Nigeria,1954,1382
Nigeria,1955,1379
Nigeria,1956,1309
Nigeria,1957,1323
Nigeria,1958,1270
Nigeria,1959,1288
Nigeria,1960,1307
Nigeria,1961,1313
Nigeria,1962,1349
Nigeria,1963,1433
Nigeria,1964,1451
Nigeria,1965,1505
Nigeria,1966,1414
Nigeria,1967,1160
Nigeria,1968,1114
Nigeria,1969,1372
Nigeria,1970,1744
Nigeria,1971,1894
Nigeria,1972,1908
Nigeria,1973,2012
Nigeria,1974,2179
Nigeria,1975,2051
Nigeria,1976,2208
Nigeria,1977,2220
Nigeria,1978,2028
Nigeria,1979,2104
Nigeria,1980,2080
Nigeria,1981,1855
Nigeria,1982,1784
Nigeria,1983,1631
Nigeria,1984,1527
Nigeria,1985,1621
Nigeria,1986,1610
Nigeria,1987,1556
Nigeria,1988,1667
Nigeria,1989,1729
Nigeria,1990,1773
Nigeria,1991,1759.0035
Nigeria,1992,1793.9402
Nigeria,1993,1817.7495
Nigeria,1994,1820.3046
Nigeria,1995,1851.0375
Nigeria,1996,1924.0884
Nigeria,1997,1977.2856
Nigeria,1998,2025.8649
Nigeria,1999,2034.8275
Nigeria,2000,2144.8254
Nigeria,2001,2282.823
Nigeria,2002,2609.1294
Nigeria,2003,2848.2812
Nigeria,2004,3136.6274
Nigeria,2005,3347.8206
Nigeria,2006,3564.6323
Nigeria,2007,3817.4836
Nigeria,2008,4084.2002
Nigeria,2009,4416.347
Nigeria,2010,4904.8657
Nigeria,2011,5136
Nigeria,2012,5216.3154
Nigeria,2013,5356.3887
Nigeria,2014,5550.727
Nigeria,2015,5558.026
Nigeria,2016,5337.1294
Nigeria,2017,5248.6885
Nigeria,2018,5215.3755
Nigeria,2019,5197.0825
Nigeria,2020,4976.3223
Nigeria,2021,5029.0884
Nigeria,2022,5070.4927
